SCI_ID,SCI_NAME,RES_ID,RES_AREA,Key,AFFIL,SIZE,WEB,HOME,RES_SPECIFIC,FUNDS,Photo,Awardee69,A. Murat Eren,8,Genomics,MBL166,Whitman Scientist,1,http://merenlab.org/,University of Chicago,,,amurat-eren.png,69,A. Murat Eren,2,Microbiomes,MBL167,Whitman Scientist,1,http://merenlab.org/,University of Chicago,,,amurat-eren.png,69,A. Murat Eren,6,Computation & Modeling,MBL168,Whitman Scientist,1,http://merenlab.org/,University of Chicago,,,amurat-eren.png,108,Akatsuki Kimura,5,Cell Biology & Imaging,MBL244,Whitman Scientist,1,https://www.nig.ac.jp/nig/research/organization-top/organization/kimura,"National Institute of Genetics, Japan",,,akatsuki-kimura.png,108,Akatsuki Kimura,7,Evolution,MBL245,Whitman Scientist,1,https://www.nig.ac.jp/nig/research/organization-top/organization/kimura,"National Institute of Genetics, Japan",,,akatsuki-kimura.png,108,Akatsuki Kimura,6,Computation & Modeling,MBL246,Whitman Scientist,1,https://www.nig.ac.jp/nig/research/organization-top/organization/kimura,"National Institute of Genetics, Japan",,,akatsuki-kimura.png,107,Alexey Khodjakov,5,Cell Biology & Imaging,MBL243,Whitman Scientist,1,http://www.wadsworth.org/senior-staff/alexey-khodjakov,New York State Department of Health,,,alexy-khodjakov.png,163,Allan Wiechmann,5,Cell Biology & Imaging,MBL360,Whitman Scientist,1,http://www.oumedicine.com/cellbiology/general-program-info/faculty/allan-f-wiechmann,University of Oklahoma College of Medicine,,,allan-wiechmann.png,163,Allan Wiechmann,4,Neuroscience,MBL361,Whitman Scientist,1,http://www.oumedicine.com/cellbiology/general-program-info/faculty/allan-f-wiechmann,University of Oklahoma College of Medicine,,,allan-wiechmann.png,163,Allan Wiechmann,9,Models of Human Disease,MBL362,Whitman Scientist,1,http://www.oumedicine.com/cellbiology/general-program-info/faculty/allan-f-wiechmann,University of Oklahoma College of Medicine,,,allan-wiechmann.png,120,Allen Mensinger,4,Neuroscience,MBL271,Whitman Scientist,1,http://www.d.umn.edu/biology/faculty/mensinger.html,University of Minnesota Duluth,,,allen-mensinger.png,120,Allen Mensinger,1,Marine Biology & Diversity,MBL272,Whitman Scientist,1,http://www.d.umn.edu/biology/faculty/mensinger.html,University of Minnesota Duluth,,,allen-mensinger.png,78,Amy Gladfelter,6,Computation & Modeling,MBL186,Whitman Scientist,1,http://www.dartmouth.edu/~gladfelterlab/,University of North Carolina at Chapel Hill,,,amy-gladfelter.png,78,Amy Gladfelter,9,Models of Human Disease,MBL187,Whitman Scientist,1,http://www.dartmouth.edu/~gladfelterlab/,University of North Carolina at Chapel Hill,,,amy-gladfelter.png,78,Amy Gladfelter,5,Cell Biology & Imaging,MBL188,Whitman Scientist,1,http://www.dartmouth.edu/~gladfelterlab/,University of North Carolina at Chapel Hill,,,amy-gladfelter.png,76,Andrew Gillis,4,Neuroscience,MBL180,Whitman Scientist,1,http://www.gillislab.org/,"University of Cambridge, United Kingdom",,,andrew-gillis.png,76,Andrew Gillis,10,Regeneration & Development,MBL181,Whitman Scientist,1,http://www.gillislab.org/,"University of Cambridge, United Kingdom",,,andrew-gillis.png,76,Andrew Gillis,7,Evolution,MBL182,Whitman Scientist,1,http://www.gillislab.org/,"University of Cambridge, United Kingdom",,,andrew-gillis.png,122,Andrew Miller,10,Regeneration & Development,MBL274,Whitman Scientist,1,http://ihome.ust.hk/~aequorin/,"Hong Kong University of Science and Technology, Hong Kong",,,andrew-miller.png,122,Andrew Miller,4,Neuroscience,MBL275,Whitman Scientist,1,http://ihome.ust.hk/~aequorin/,"Hong Kong University of Science and Technology, Hong Kong",,,andrew-miller.png,122,Andrew Miller,5,Cell Biology & Imaging,MBL276,Whitman Scientist,1,http://ihome.ust.hk/~aequorin/,"Hong Kong University of Science and Technology, Hong Kong",,,andrew-miller.png,97,Anthony Hyman,5,Cell Biology & Imaging,MBL219,Whitman Scientist,1,http://hymanlab.mpi-cbg.de/,"Max Planck Institute of Molecular Cell Biology and Genetics, Germany",,,anthony-hyman.png,97,Anthony Hyman,9,Models of Human Disease,MBL220,Whitman Scientist,1,http://hymanlab.mpi-cbg.de/,"Max Planck Institute of Molecular Cell Biology and Genetics, Germany",,,anthony-hyman.png,97,Anthony Hyman,8,Genomics,MBL221,Whitman Scientist,1,http://hymanlab.mpi-cbg.de/,"Max Planck Institute of Molecular Cell Biology and Genetics, Germany",,,anthony-hyman.png,135,Anton Post,12,Undefined,MBL300,Whitman Scientist,1,http://www.mbl.edu/jbpc/staff/post/,University of Rhode Island,,,anton-post.png,141,Antonia Roll-Mecak,12,Undefined,MBL313,Whitman Scientist,1,https://neuroscience.nih.gov/ninds/rm_lab/,National Institute of Neurological Disorders and Stroke,,,antonia-roll-mecak.png,77,Antonio Giraldez,10,Regeneration & Development,MBL183,Whitman Scientist,1,http://www.giraldezlab.org/,Yale University School of Medicine,,,antonio-giraldez.png,77,Antonio Giraldez,8,Genomics,MBL184,Whitman Scientist,1,http://www.giraldezlab.org/,Yale University School of Medicine,,,antonio-giraldez.png,77,Antonio Giraldez,6,Computation & Modeling,MBL185,Whitman Scientist,1,http://www.giraldezlab.org/,Yale University School of Medicine,,,antonio-giraldez.png,90,Avram Hershko,5,Cell Biology & Imaging,MBL208,Whitman Scientist,1,http://md.technion.ac.il/faculty_member/hershko-avram/,"Techion-Israel Institute of Technology, Israel",,,avram-hershko.png,71,Barbara Furie,12,Undefined,MBL170,Whitman Scientist,1,http://www.bidmc.org/Research/Departments/Medicine/Divisions/Hemostasis-and-Thrombosis/About-Us.aspx,Harvard Medical School,,,barbara-furie.png,74,Brad Gemmell,1,Marine Biology & Diversity,MBL175,Whitman Scientist,1,http://bradgemmell.wix.com/scientist-site,University of South Florida,,,brad-gemmell.png,74,Brad Gemmell,3,"Ecology, Ecosystems & Global Change",MBL176,Whitman Scientist,1,http://bradgemmell.wix.com/scientist-site,University of South Florida,,,brad-gemmell.png,161,Brandon Weissbourd,4,Neuroscience,MBL355,Whitman Scientist,1,https://www.researchgate.net/profile/Brandon_brady_Weissbourd,California Institute of Technology,,,brady-wiessbord.png,161,Brandon Weissbourd,7,Evolution,MBL356,Whitman Scientist,1,https://www.researchgate.net/profile/Brandon_brady_Weissbourd,California Institute of Technology,,,brady-wiessbord.png,125,Brian Mitchell,5,Cell Biology & Imaging,MBL281,Whitman Scientist,1,http://labs.feinberg.northwestern.edu/mitchell/,Northwestern University,,,brian-mitchell.png,125,Brian Mitchell,10,Regeneration & Development,MBL282,Whitman Scientist,1,http://labs.feinberg.northwestern.edu/mitchell/,Northwestern University,,,brian-mitchell.png,70,Bruce Furie,12,Undefined,MBL169,Whitman Scientist,1,http://www.bidmc.org/Research/Departments/Medicine/Divisions/Hemostasis-and-Thrombosis/About-Us.aspx,Harvard Medical School,,,Bruce-Furie.png,115,Christopher Lowe,12,Undefined,MBL260,Whitman Scientist,1,http://lowe.stanford.edu/,Hopkins Marine Station of Stanford University,,,christopher-lowe.png,57,Chuan-Chin Chiao,4,Neuroscience,MBL140,Whitman Scientist,1,http://life.nthu.edu.tw/~ccchiao/homepage.htm,"National Tsing Hua University, Taiwan",,,chiao.png,57,Chuan-Chin Chiao,1,Marine Biology & Diversity,MBL141,Whitman Scientist,1,http://life.nthu.edu.tw/~ccchiao/homepage.htm,"National Tsing Hua University, Taiwan",,,chiao.png,160,Clare Waterman,5,Cell Biology & Imaging,MBL354,Whitman Scientist,1,http://www.nhlbi.nih.gov/research/intramural/researchers/pi/waterman-clare,National Heart Lung and Blood Institute,,,clare-waterman.png,55,Colleen Cavanaugh,2,Microbiomes,MBL135,Whitman Scientist,1,http://cavanaughlab.oeb.harvard.edu/,Harvard University,,,colleen-cavanaugh.png,55,Colleen Cavanaugh,7,Evolution,MBL136,Whitman Scientist,1,http://cavanaughlab.oeb.harvard.edu/,Harvard University,,,colleen-cavanaugh.png,55,Colleen Cavanaugh,8,Genomics,MBL137,Whitman Scientist,1,http://cavanaughlab.oeb.harvard.edu/,Harvard University,,,colleen-cavanaugh.png,61,Daniel Colon-Ramos,5,Cell Biology & Imaging,MBL149,Whitman Scientist,1,http://medicine.yale.edu/lab/colon_ramos/,Yale University School of Medicine,,,daniel-colonramos.png,61,Daniel Colon-Ramos,4,Neuroscience,MBL150,Whitman Scientist,1,http://medicine.yale.edu/lab/colon_ramos/,Yale University School of Medicine,,,daniel-colonramos.png,75,Daniel Gibson,1,Marine Biology & Diversity,MBL177,Whitman Scientist,1,http://www.wpi.edu/academics/bbt/dvg.html,Worcester Polytechnic Institute (Retired 2012),,,generic.png,75,Daniel Gibson,4,Neuroscience,MBL178,Whitman Scientist,1,http://www.wpi.edu/academics/bbt/dvg.html,Worcester Polytechnic Institute (Retired 2012),,,generic.png,75,Daniel Gibson,10,Regeneration & Development,MBL179,Whitman Scientist,1,http://www.wpi.edu/academics/bbt/dvg.html,Worcester Polytechnic Institute (Retired 2012),,,generic.png,105,Darcy Kelley,8,Genomics,MBL238,Whitman Scientist,1,http://www.columbia.edu/cu/biology/faculty/kelley/,Columbia University,,,darcy-kelley.png,105,Darcy Kelley,7,Evolution,MBL239,Whitman Scientist,1,http://www.columbia.edu/cu/biology/faculty/kelley/,Columbia University,,,darcy-kelley.png,105,Darcy Kelley,4,Neuroscience,MBL240,Whitman Scientist,1,http://www.columbia.edu/cu/biology/faculty/kelley/,Columbia University,,,darcy-kelley.png,53,David Burgess,5,Cell Biology & Imaging,MBL133,Whitman Scientist,1,http://www.bc.edu/schools/cas/biology/facadmin/burgess.html,Boston College,,,david-burgess.png,72,David Gadsby,4,Neuroscience,MBL171,Whitman Scientist,1,http://www.rockefeller.edu/research/faculty/labheads/DavidGadsby/,The Rockefeller University,,,david-gadsby.png,72,David Gadsby,9,Models of Human Disease,MBL172,Whitman Scientist,1,http://www.rockefeller.edu/research/faculty/labheads/DavidGadsby/,The Rockefeller University,,,david-gadsby.png,99,David Johnson,12,Undefined,MBL225,Whitman Scientist,1,http://www.vims.edu/about/directory/faculty/johnson_d.php,Virginia Institute of Marine Science,,,david-johnson.png,138,David Rand,7,Evolution,MBL305,Whitman Scientist,1,http://www.davidrandlab.org/,Brown University,,,david-rand.png,138,David Rand,2,Microbiomes,MBL306,Whitman Scientist,1,http://www.davidrandlab.org/,Brown University,,,david-rand.png,138,David Rand,3,"Ecology, Ecosystems & Global Change",MBL307,Whitman Scientist,1,http://www.davidrandlab.org/,Brown University,,,david-rand.png,132,Eduardo Perozo,6,Computation & Modeling,MBL295,Whitman Scientist,1,http://memprotein.org/about-the-consortium/directors-statement,University of Chicago,,,eduardo-perozo.png,132,Eduardo Perozo,10,Regeneration & Development,MBL296,Whitman Scientist,1,http://memprotein.org/about-the-consortium/directors-statement,University of Chicago,,,eduardo-perozo.png,132,Eduardo Perozo,4,Neuroscience,MBL297,Whitman Scientist,1,http://memprotein.org/about-the-consortium/directors-statement,University of Chicago,,,eduardo-perozo.png,143,Eduardo Rosa-Molinar,5,Cell Biology & Imaging,MBL315,Whitman Scientist,1,http://loop.frontiersin.org/people/3259/bio,University of Kansas,,,eduardo-rosamolinar.png,143,Eduardo Rosa-Molinar,4,Neuroscience,MBL316,Whitman Scientist,1,http://loop.frontiersin.org/people/3259/bio,University of Kansas,,,eduardo-rosamolinar.png,143,Eduardo Rosa-Molinar,10,Regeneration & Development,MBL317,Whitman Scientist,1,http://loop.frontiersin.org/people/3259/bio,University of Kansas,,,eduardo-rosamolinar.png,146,Edward Salmon,6,Computation & Modeling,MBL322,Whitman Scientist,1,http://www.salmonlab.web.unc.edu/,University of North Carolina at Chapel Hill,,,ted-salmon.png,146,Edward Salmon,5,Cell Biology & Imaging,MBL323,Whitman Scientist,1,http://www.salmonlab.web.unc.edu/,University of North Carolina at Chapel Hill,,,ted-salmon.png,16,Elaine Bearer,12,Undefined,MBL43,Whitman Scientist,1,http://pathology.unm.edu/faculty/faculty/ebearer.html,University of New Mexico,,,ted-salmon.png,100,Elizabeth Jonas,5,Cell Biology & Imaging,MBL226,Whitman Scientist,1,http://endocrinology.yale.edu/people/elizabeth_jonas-2.profile,Yale University,,,elizabeth-jonas.png,100,Elizabeth Jonas,4,Neuroscience,MBL227,Whitman Scientist,1,http://endocrinology.yale.edu/people/elizabeth_jonas-2.profile,Yale University,,,elizabeth-jonas.png,100,Elizabeth Jonas,9,Models of Human Disease,MBL228,Whitman Scientist,1,http://endocrinology.yale.edu/people/elizabeth_jonas-2.profile,Yale University,,,elizabeth-jonas.png,128,Enrico Nasi,12,Undefined,MBL287,Whitman Scientist,1,http://www.mbl.edu/cdp/laboratory-of-enrico-nasi-and-maria-gomez/,"University of Colombia, Colombia",,,enrico-nasi.png,101,Erik Jorgensen,5,Cell Biology & Imaging,MBL229,Whitman Scientist,1,http://biologylabs.utah.edu/jorgensen/,University of Utah,,,erik-jorgensen.png,101,Erik Jorgensen,4,Neuroscience,MBL230,Whitman Scientist,1,http://biologylabs.utah.edu/jorgensen/,University of Utah,,,erik-jorgensen.png,101,Erik Jorgensen,8,Genomics,MBL231,Whitman Scientist,1,http://biologylabs.utah.edu/jorgensen/,University of Utah,,,erik-jorgensen.png,56,Fred Chang,5,Cell Biology & Imaging,MBL138,Whitman Scientist,1,http://fredchanglab.ucsf.edu/,University of California San Francisco,,,fred-chang.png,56,Fred Chang,6,Computation & Modeling,MBL139,Whitman Scientist,1,http://fredchanglab.ucsf.edu/,University of California San Francisco,,,fred-chang.png,51,Gary Borisy,12,Undefined,MBL129,Whitman Scientist,1,https://forsyth.org/person/scientist/gary-borisy,Forsyth Institute,,,gary-borisy.png,58,Gary Cline,5,Cell Biology & Imaging,MBL142,Whitman Scientist,1,http://medicine.yale.edu/intmed/people/gary_cline.profile,Yale University School of Medicine,,,gary-cline.png,58,Gary Cline,9,Models of Human Disease,MBL143,Whitman Scientist,1,http://medicine.yale.edu/intmed/people/gary_cline.profile,Yale University School of Medicine,,,gary-cline.png,162,Gary Wessel,1,Marine Biology & Diversity,MBL357,Whitman Scientist,1,http://www.brown.edu/Research/Wessel_Lab/,Brown University,,,gary-wessel.png,162,Gary Wessel,5,Cell Biology & Imaging,MBL358,Whitman Scientist,1,http://www.brown.edu/Research/Wessel_Lab/,Brown University,,,gary-wessel.png,162,Gary Wessel,10,Regeneration & Development,MBL359,Whitman Scientist,1,http://www.brown.edu/Research/Wessel_Lab/,Brown University,,,gary-wessel.png,103,Gen Kaneko,7,Evolution,MBL233,Whitman Scientist,1,https://scholar.google.com/citations?user=gXu3pZMAAAAJ&hl=en,"The University of Tokyo, Japan",,,gen-kaneko.png,103,Gen Kaneko,1,Marine Biology & Diversity,MBL234,Whitman Scientist,1,https://scholar.google.com/citations?user=gXu3pZMAAAAJ&hl=en,"The University of Tokyo, Japan",,,gen-kaneko.png,103,Gen Kaneko,4,Neuroscience,MBL235,Whitman Scientist,1,https://scholar.google.com/citations?user=gXu3pZMAAAAJ&hl=en,"The University of Tokyo, Japan",,,gen-kaneko.png,45,George Augustine,4,Neuroscience,MBL114,Whitman Scientist,1,http://www.lkcmedicine.ntu.edu.sg/Research/researchfaculty/Pages/George-J.-Augustine.aspx,"Nanyang Technological University, Singapore",,,george-augustine.png,45,George Augustine,5,Cell Biology & Imaging,MBL115,Whitman Scientist,1,http://www.lkcmedicine.ntu.edu.sg/Research/researchfaculty/Pages/George-J.-Augustine.aspx,"Nanyang Technological University, Singapore",,,george-augustine.png,93,George Holz,12,Undefined,MBL213,Whitman Scientist,1,http://www.upstate.edu/endo/research/laboratory-research/holz.php,Statue University of New York Upstate,,,george-holz.png,127,Gerardo Morfini,9,Models of Human Disease,MBL284,Whitman Scientist,1,http://www.uic.edu/depts/mcan/morfini.htm,University of Illinois at Chicago,,,gerardo-morfini.png,127,Gerardo Morfini,4,Neuroscience,MBL285,Whitman Scientist,1,http://www.uic.edu/depts/mcan/morfini.htm,University of Illinois at Chicago,,,gerardo-morfini.png,127,Gerardo Morfini,5,Cell Biology & Imaging,MBL286,Whitman Scientist,1,http://www.uic.edu/depts/mcan/morfini.htm,University of Illinois at Chicago,,,gerardo-morfini.png,112,Giles Laurent,4,Neuroscience,MBL255,Whitman Scientist,1,http://www.brain.mpg.de/,"Max Planck Institute for Brain Research, Germany",,,giles-laurent.png,112,Giles Laurent,6,Computation & Modeling,MBL256,Whitman Scientist,1,http://www.brain.mpg.de/,"Max Planck Institute for Brain Research, Germany",,,giles-laurent.png,112,Giles Laurent,7,Evolution,MBL257,Whitman Scientist,1,http://www.brain.mpg.de/,"Max Planck Institute for Brain Research, Germany",,,giles-laurent.png,151,Greenfield Sluder,5,Cell Biology & Imaging,MBL332,Whitman Scientist,1,http://profiles.umassmed.edu/profiles/display/132896,University of Massachusetts Medical School,,,greenfield-sluder.png,151,Greenfield Sluder,9,Models of Human Disease,MBL333,Whitman Scientist,1,http://profiles.umassmed.edu/profiles/display/132896,University of Massachusetts Medical School,,,greenfield-sluder.png,151,Greenfield Sluder,1,Marine Biology & Diversity,MBL334,Whitman Scientist,1,http://profiles.umassmed.edu/profiles/display/132896,University of Massachusetts Medical School,,,greenfield-sluder.png,111,Hans Laufer,10,Regeneration & Development,MBL252,Whitman Scientist,1,http://mcb.uconn.edu/hans-laufer/,University of Connecticut,,,hans-laufer.png,111,Hans Laufer,1,Marine Biology & Diversity,MBL253,Whitman Scientist,1,http://mcb.uconn.edu/hans-laufer/,University of Connecticut,,,hans-laufer.png,111,Hans Laufer,3,"Ecology, Ecosystems & Global Change",MBL254,Whitman Scientist,1,http://mcb.uconn.edu/hans-laufer/,University of Connecticut,,,hans-laufer.png,148,Hari Shroff,5,Cell Biology & Imaging,MBL327,Whitman Scientist,1,https://www.nibib.nih.gov/about-nibib/staff/hari-shroff,National Institute of Biomedical Imaging and Bioengineering,,,hari-shroff.png,148,Hari Shroff,4,Neuroscience,MBL328,Whitman Scientist,1,https://www.nibib.nih.gov/about-nibib/staff/hari-shroff,National Institute of Biomedical Imaging and Bioengineering,,,hari-shroff.png,148,Hari Shroff,10,Regeneration & Development,MBL329,Whitman Scientist,1,https://www.nibib.nih.gov/about-nibib/staff/hari-shroff,National Institute of Biomedical Imaging and Bioengineering,,,hari-shroff.png,131,Harish Pant,5,Cell Biology & Imaging,MBL292,Whitman Scientist,1,https://neuroscience.nih.gov/ninds/Faculty/Profile/harish-pant.aspx,National Institute of Neurological Disorders and Stroke,,,harish-pant.png,131,Harish Pant,9,Models of Human Disease,MBL293,Whitman Scientist,1,https://neuroscience.nih.gov/ninds/Faculty/Profile/harish-pant.aspx,National Institute of Neurological Disorders and Stroke,,,harish-pant.png,131,Harish Pant,4,Neuroscience,MBL294,Whitman Scientist,1,https://neuroscience.nih.gov/ninds/Faculty/Profile/harish-pant.aspx,National Institute of Neurological Disorders and Stroke,,,harish-pant.png,165,Harold Zakon,12,Undefined,MBL364,Whitman Scientist,1,http://experts.utexas.edu/harold_zakon,University of Texas Austin,,,harold-zakon.png,113,Heather Leslie,12,Undefined,MBL258,Whitman Scientist,1,https://vivo.brown.edu/display/hleslie,Brown University,,,heather-leslie.png,109,James Kittelberger,7,Evolution,MBL247,Whitman Scientist,1,http://public.gettysburg.edu/~mkittelb/neuroweb/,Gettysbury College,,,james-kittelberger.png,109,James Kittelberger,4,Neuroscience,MBL248,Whitman Scientist,1,http://public.gettysburg.edu/~mkittelb/neuroweb/,Gettysbury College,,,james-kittelberger.png,129,James Nelson,12,Undefined,MBL288,Whitman Scientist,1,http://biology.louisiana.edu/research/James_Nelson,University of Lousiana,,,james-nelson.png,73,Jesse Gatlin,5,Cell Biology & Imaging,MBL173,Whitman Scientist,1,http://gatlinlab.org/,University of Wyoming,,,jesse-gatlin.png,73,Jesse Gatlin,6,Computation & Modeling,MBL174,Whitman Scientist,1,http://gatlinlab.org/,University of Wyoming,,,jesse-gatlin.png,85,Jessica Gray,9,Models of Human Disease,MBL198,Whitman Scientist,1,http://kirschner.med.harvard.edu/files/html/people.shtml,Harvard Medical School,,,generic.png,164,Jim Wilhelm,12,Undefined,MBL363,Whitman Scientist,1,http://biology.ucsd.edu/research/faculty/jwilhelm,University of California San Diego,,,jim-wilhelm.png,117,Jocelyn Malamy,5,Cell Biology & Imaging,MBL264,Whitman Scientist,1,http://mgcb.bsd.uchicago.edu/faculty/malamy/,University of Chicago,,,jocelyn-malamy.png,117,Jocelyn Malamy,7,Evolution,MBL265,Whitman Scientist,1,http://mgcb.bsd.uchicago.edu/faculty/malamy/,University of Chicago,,,jocelyn-malamy.png,117,Jocelyn Malamy,10,Regeneration & Development,MBL266,Whitman Scientist,1,http://mgcb.bsd.uchicago.edu/faculty/malamy/,University of Chicago,,,jocelyn-malamy.png,62,John Costello,7,Evolution,MBL151,Whitman Scientist,1,http://shapeoflife.org/scientist/dr-costello-biologist,Providence College,,,john-costello.png,62,John Costello,1,Marine Biology & Diversity,MBL152,Whitman Scientist,1,http://shapeoflife.org/scientist/dr-costello-biologist,Providence College,,,john-costello.png,62,John Costello,3,"Ecology, Ecosystems & Global Change",MBL153,Whitman Scientist,1,http://shapeoflife.org/scientist/dr-costello-biologist,Providence College,,,john-costello.png,65,John Dubach,5,Cell Biology & Imaging,MBL160,Whitman Scientist,1,https://csb.mgh.harvard.edu/investigator/john_dubach,Harvard Medical School,Measuring neural activity with polarized fluorescence,The Baxter Postdoctoral Fellowship Fund,jdubach.png,Whitman Center Early Career Awardees65,John Dubach,4,Neuroscience,MBL161,Whitman Scientist,1,https://csb.mgh.harvard.edu/investigator/john_dubach,Harvard Medical School,Measuring neural activity with polarized fluorescence,The Baxter Postdoctoral Fellowship Fund,jdubach.png,Whitman Center Early Career Awardees65,John Dubach,6,Computation & Modeling,MBL162,Whitman Scientist,1,https://csb.mgh.harvard.edu/investigator/john_dubach,Harvard Medical School,Measuring neural activity with polarized fluorescence,The Baxter Postdoctoral Fellowship Fund,jdubach.png,Whitman Center Early Career Awardees130,John Oakey,5,Cell Biology & Imaging,MBL289,Whitman Scientist,1,http://www.uwyo.edu/chemical/faculty-staff/oakey/,University of Wyoming,,,john-oakey.png,130,John Oakey,9,Models of Human Disease,MBL290,Whitman Scientist,1,http://www.uwyo.edu/chemical/faculty-staff/oakey/,University of Wyoming,,,john-oakey.png,130,John Oakey,10,Regeneration & Development,MBL291,Whitman Scientist,1,http://www.uwyo.edu/chemical/faculty-staff/oakey/,University of Wyoming,,,john-oakey.png,64,Joseph DeGiorgis,5,Cell Biology & Imaging,MBL157,Whitman Scientist,1,http://www.providence.edu/biology/faculty/Pages/jdegiorg.aspx,Providence College,,,joe-degiorgis.png,64,Joseph DeGiorgis,4,Neuroscience,MBL158,Whitman Scientist,1,http://www.providence.edu/biology/faculty/Pages/jdegiorg.aspx,Providence College,,,joe-degiorgis.png,64,Joseph DeGiorgis,8,Genomics,MBL159,Whitman Scientist,1,http://www.providence.edu/biology/faculty/Pages/jdegiorg.aspx,Providence College,,,joe-degiorgis.png,84,Joshua Gray,12,Undefined,MBL197,Whitman Scientist,1,http://www.joshuagray.org/,U.S. Coast Guard Academy,,,joshua-gray.png,166,Joshua Zimmerberg,12,Undefined,MBL365,Whitman Scientist,1,http://irp.nih.gov/pi/joshua-zimmerberg,National Institutes of Health,,,joshua-zimmerberg.png,106,Kamran Khodakhah,4,Neuroscience,MBL241,Whitman Scientist,1,http://www.einstein.yu.edu/faculty/8472/Kamran-Khodakhah/,Albert Einstein College of Medicine,,,karmran-khodakh.png,106,Kamran Khodakhah,9,Models of Human Disease,MBL242,Whitman Scientist,1,http://www.einstein.yu.edu/faculty/8472/Kamran-Khodakhah/,Albert Einstein College of Medicine,,,karmran-khodakh.png,95,Ke Hu,5,Cell Biology & Imaging,MBL215,Whitman Scientist,1,http://www.bio.indiana.edu/faculty/directory/profile.php?person=kehu,Indiana University,,,ke-hu.png,95,Ke Hu,7,Evolution,MBL216,Whitman Scientist,1,http://www.bio.indiana.edu/faculty/directory/profile.php?person=kehu,Indiana University,,,ke-hu.png,95,Ke Hu,1,Marine Biology & Diversity,MBL217,Whitman Scientist,1,http://www.bio.indiana.edu/faculty/directory/profile.php?person=kehu,Indiana University,,,ke-hu.png,66,Kristin Edepli,8,Genomics,MBL163,Whitman Scientist,1,http://nyuad.nyu.edu/en/academics/faculty/kirsten-sadler-edepli.html,New York University Abu Dhabi,,,kristin-edepli.png,67,Kristin Edepli,5,Cell Biology & Imaging,MBL164,Whitman Scientist,1,http://nyuad.nyu.edu/en/academics/faculty/kirsten-sadler-edepli.html,New York University Abu Dhabi,,,kristin-edepli.png,68,Kristin Edepli,9,Models of Human Disease,MBL165,Whitman Scientist,1,http://nyuad.nyu.edu/en/academics/faculty/kirsten-sadler-edepli.html,New York University Abu Dhabi,,,kristin-edepli.png,59,Lawrence Cohen,5,Cell Biology & Imaging,MBL144,Whitman Scientist,1,http://medicine.yale.edu/lab/cohen/,Yale University,,,larry-cohen.png,59,Lawrence Cohen,4,Neuroscience,MBL145,Whitman Scientist,1,http://medicine.yale.edu/lab/cohen/,Yale University,,,larry-cohen.png,142,Lawrence Rome,12,Undefined,MBL314,Whitman Scientist,1,https://www.bio.upenn.edu/people/lawrence-rome,University of Pennsylvania,,,larry-rome.png,102,Leonard Kaczmarek,12,Undefined,MBL232,Whitman Scientist,1,http://bbs.yale.edu/people/leonard_kaczmarek.profile,Yale University,,,leonard-kaczmarek.png,92,Liam Holt,5,Cell Biology & Imaging,MBL210,Whitman Scientist,1,http://mcb.berkeley.edu/labs/holt/,New York University,,,liam-holt.png,92,Liam Holt,7,Evolution,MBL211,Whitman Scientist,1,http://mcb.berkeley.edu/labs/holt/,New York University,,,liam-holt.png,92,Liam Holt,6,Computation & Modeling,MBL212,Whitman Scientist,1,http://mcb.berkeley.edu/labs/holt/,New York University,,,liam-holt.png,116,Lois Maignien,1,Marine Biology & Diversity,MBL261,Whitman Scientist,1,http://pagesperso.univ-brest.fr/~maignien/,"University of Western Brittany, France",,,lois-maignien.png,116,Lois Maignien,8,Genomics,MBL262,Whitman Scientist,1,http://pagesperso.univ-brest.fr/~maignien/,"University of Western Brittany, France",,,lois-maignien.png,116,Lois Maignien,2,Microbiomes,MBL263,Whitman Scientist,1,http://pagesperso.univ-brest.fr/~maignien/,"University of Western Brittany, France",,,lois-maignien.png,49,Magdalena Bezanilla,5,Cell Biology & Imaging,MBL125,Whitman Scientist,1,http://www.bio.umass.edu/biology/about/directories/faculty/magdalena-bezanilla,University of Massachusetts Amherst,,,magdalena-bezanilla.png,49,Magdalena Bezanilla,7,Evolution,MBL126,Whitman Scientist,1,http://www.bio.umass.edu/biology/about/directories/faculty/magdalena-bezanilla,University of Massachusetts Amherst,,,magdalena-bezanilla.png,49,Magdalena Bezanilla,10,Regeneration & Development,MBL127,Whitman Scientist,1,http://www.bio.umass.edu/biology/about/directories/faculty/magdalena-bezanilla,University of Massachusetts Amherst,,,magdalena-bezanilla.png,110,Manfred Laubichler,7,Evolution,MBL249,Whitman Scientist,1,http://devo-evo.lab.asu.edu/,Arizona State University,,,manfred.png,110,Manfred Laubichler,6,Computation & Modeling,MBL250,Whitman Scientist,1,http://devo-evo.lab.asu.edu/,Arizona State University,,,manfred.png,110,Manfred Laubichler,10,Regeneration & Development,MBL251,Whitman Scientist,1,http://devo-evo.lab.asu.edu/,Arizona State University,,,manfred.png,147,Margrethe Serres,2,Microbiomes,MBL324,Whitman Scientist,1,http://www.mbl.edu/jbpc/staff/serres/,Cape Cod Community College,,,serres.png,147,Margrethe Serres,6,Computation & Modeling,MBL325,Whitman Scientist,1,http://www.mbl.edu/jbpc/staff/serres/,Cape Cod Community College,,,serres.png,147,Margrethe Serres,8,Genomics,MBL326,Whitman Scientist,1,http://www.mbl.edu/jbpc/staff/serres/,Cape Cod Community College,,,serres.png,80,Maria Gomez,12,Undefined,MBL191,Whitman Scientist,1,http://www.mbl.edu/cdp/laboratory-of-enrico-nasi-and-maria-gomez/,"University of Colombia, Colombia",,,maria-gomez.png,123,Mark Miller,12,Undefined,MBL277,Whitman Scientist,1,http://md.rcm.upr.edu/anatomyneurobiology/dr-mark-w-miller/,University of Peurto Rico Medical Sciences Campus,,,mark-miller.png,157,Mark Terasaki,5,Cell Biology & Imaging,MBL347,Whitman Scientist,1,http://cell.uchc.edu/faculty_staff/terasaki.html,University of Connecticut Health Center,,,mark-terasaki.png,157,Mark Terasaki,4,Neuroscience,MBL348,Whitman Scientist,1,http://cell.uchc.edu/faculty_staff/terasaki.html,University of Connecticut Health Center,,,mark-terasaki.png,157,Mark Terasaki,10,Regeneration & Development,MBL349,Whitman Scientist,1,http://cell.uchc.edu/faculty_staff/terasaki.html,University of Connecticut Health Center,,,mark-terasaki.png,47,Marlene Belfort,2,Microbiomes,MBL119,Whitman Scientist,1,http://www.albany.edu/belfort/index.shtml,University at Albany,,,marlene-belfort.png,47,Marlene Belfort,7,Evolution,MBL120,Whitman Scientist,1,http://www.albany.edu/belfort/index.shtml,University at Albany,,,marlene-belfort.png,47,Marlene Belfort,8,Genomics,MBL121,Whitman Scientist,1,http://www.albany.edu/belfort/index.shtml,University at Albany,,,marlene-belfort.png,121,Matthew Meselson,7,Evolution,MBL273,Whitman Scientist,1,https://www.mcb.harvard.edu/mcb/faculty/profile/matthew-s-meselson/,Harvard University,,,matthew-meselson.png,48,Michael Bennett,4,Neuroscience,MBL122,Whitman Scientist,1,http://www.einstein.yu.edu/faculty/8219/michael-bennett/,Albert Einstein College of Medicine,,,michael-bennett.png,48,Michael Bennett,5,Cell Biology & Imaging,MBL123,Whitman Scientist,1,http://www.einstein.yu.edu/faculty/8219/michael-bennett/,Albert Einstein College of Medicine,,,michael-bennett.png,48,Michael Bennett,9,Models of Human Disease,MBL124,Whitman Scientist,1,http://www.einstein.yu.edu/faculty/8219/michael-bennett/,Albert Einstein College of Medicine,,,michael-bennett.png,144,Michael Rosen,5,Cell Biology & Imaging,MBL318,Whitman Scientist,1,http://www.utsouthwestern.edu/labs/rosen/,UT Southwestern Medical Center,,,michael-rosen.png,144,Michael Rosen,6,Computation & Modeling,MBL319,Whitman Scientist,1,http://www.utsouthwestern.edu/labs/rosen/,UT Southwestern Medical Center,,,michael-rosen.png,91,Miguel Holmgren,12,Undefined,MBL209,Whitman Scientist,1,https://neuroscience.nih.gov/ninds/Faculty/Profile/miguel-holmgren.aspx,National Institute of Neurological Disorders and Stroke,,,miguel-holmgren.png,50,Natalie Boelman,12,Undefined,MBL128,Whitman Scientist,1,http://www.ldeo.columbia.edu/user/nboelman,Lamont-Doherty Earth Observatory,,,natalie-boelman.png,81,Paloma Gonzalez Bellido,12,Undefined,MBL192,Whitman Scientist,1,http://www.pdn.cam.ac.uk/directory/paloma-t-gonzalez-bellido,"University of Cambridge, United Kingdom",,,paloma-gonzalez-bellido.png,124,Paul Minor,7,Evolution,MBL278,Whitman Scientist,1,http://lowe.stanford.edu/,Hopkins Marine Station of Stanford University,,,paul-minor.png,124,Paul Minor,4,Neuroscience,MBL279,Whitman Scientist,1,http://lowe.stanford.edu/,Hopkins Marine Station of Stanford University,,,paul-minor.png,124,Paul Minor,8,Genomics,MBL280,Whitman Scientist,1,http://lowe.stanford.edu/,Hopkins Marine Station of Stanford University,,,paul-minor.png,44,Peter Armstrong,5,Cell Biology & Imaging,MBL111,Whitman Scientist,1,http://biosci3.ucdavis.edu/Faculty/Profile/View/232,University of California Davis,,,peter-armstrong.png,44,Peter Armstrong,10,Regeneration & Development,MBL112,Whitman Scientist,1,http://biosci3.ucdavis.edu/Faculty/Profile/View/232,University of California Davis,,,peter-armstrong.png,44,Peter Armstrong,9,Models of Human Disease,MBL113,Whitman Scientist,1,http://biosci3.ucdavis.edu/Faculty/Profile/View/232,University of California Davis,,,peter-armstrong.png,152,Peter J.S. Smith,5,Cell Biology & Imaging,MBL335,Whitman Scientist,1,http://www.southampton.ac.uk/biosci/about/staff/pjs2r10.page,"University of Southampton, United Kingdom",,,peter-smith.png,152,Peter J.S. Smith,4,Neuroscience,MBL336,Whitman Scientist,1,http://www.southampton.ac.uk/biosci/about/staff/pjs2r10.page,"University of Southampton, United Kingdom",,,peter-smith.png,152,Peter J.S. Smith,10,Regeneration & Development,MBL337,Whitman Scientist,1,http://www.southampton.ac.uk/biosci/about/staff/pjs2r10.page,"University of Southampton, United Kingdom",,,peter-smith.png,83,Philip Grant,4,Neuroscience,MBL194,Whitman Scientist,1,https://neuroscience.nih.gov/ninds/Faculty/Profile/harish-pant.aspx,National Institute of Neurological Disorders and Stroke,,,generic.png,83,Philip Grant,10,Regeneration & Development,MBL195,Whitman Scientist,1,https://neuroscience.nih.gov/ninds/Faculty/Profile/harish-pant.aspx,National Institute of Neurological Disorders and Stroke,,,generic.png,83,Philip Grant,9,Models of Human Disease,MBL196,Whitman Scientist,1,https://neuroscience.nih.gov/ninds/Faculty/Profile/harish-pant.aspx,National Institute of Neurological Disorders and Stroke,,,generic.png,137,Richard Rabbitt,4,Neuroscience,MBL302,Whitman Scientist,1,http://www.bioen.utah.edu/directory/profile.php?userID=78,University of Utah,,,richard-rabbitt.png,137,Richard Rabbitt,6,Computation & Modeling,MBL303,Whitman Scientist,1,http://www.bioen.utah.edu/directory/profile.php?userID=78,University of Utah,,,richard-rabbitt.png,137,Richard Rabbitt,5,Cell Biology & Imaging,MBL304,Whitman Scientist,1,http://www.bioen.utah.edu/directory/profile.php?userID=78,University of Utah,,,richard-rabbitt.png,46,Robert Baker,4,Neuroscience,MBL116,Whitman Scientist,1,http://www.med.nyu.edu/biosketch/bakerr01,New York University Langone Medical Center,,,robert-baker.png,46,Robert Baker,5,Cell Biology & Imaging,MBL117,Whitman Scientist,1,http://www.med.nyu.edu/biosketch/bakerr01,New York University Langone Medical Center,,,robert-baker.png,46,Robert Baker,7,Evolution,MBL118,Whitman Scientist,1,http://www.med.nyu.edu/biosketch/bakerr01,New York University Langone Medical Center,,,robert-baker.png,54,Robert Campbell,12,Undefined,MBL134,Whitman Scientist,1,http://www.mbl.edu/jbpc/staff/campbell/,Serono Research Institute,,,robert-campbell.png,79,Robert Goldman,9,Models of Human Disease,MBL189,Whitman Scientist,1,http://vivo.northwestern.edu/individual/n6a9b23892d,Northwestern University,,,robert-goldman.png,79,Robert Goldman,5,Cell Biology & Imaging,MBL190,Whitman Scientist,1,http://vivo.northwestern.edu/individual/n6a9b23892d,Northwestern University,,,robert-goldman.png,82,Robert Grainger,12,Undefined,MBL193,Whitman Scientist,1,https://med.virginia.edu/faculty/faculty-listing/rmg9p/,University of Virginia,,,robert-grainger.png,89,Robert Haselkorn,5,Cell Biology & Imaging,MBL205,Whitman Scientist,1,https://chemistry.uchicago.edu/faculty/faculty/person/member/robert-haselkorn.html,University of Chicago,,,robert-haselkorn.png,89,Robert Haselkorn,2,Microbiomes,MBL206,Whitman Scientist,1,https://chemistry.uchicago.edu/faculty/faculty/person/member/robert-haselkorn.html,University of Chicago,,,robert-haselkorn.png,89,Robert Haselkorn,1,Marine Biology & Diversity,MBL207,Whitman Scientist,1,https://chemistry.uchicago.edu/faculty/faculty/person/member/robert-haselkorn.html,University of Chicago,,,robert-haselkorn.png,94,Robert Howarth,3,"Ecology, Ecosystems & Global Change",MBL214,Whitman Scientist,1,http://www.eeb.cornell.edu/howarth/,Cornell University,,,robert-howarth.png,118,Robert Malchow,4,Neuroscience,MBL267,Whitman Scientist,1,http://bios.uic.edu/bios/people/faculty/robert-paul-malchow,University of Illinois at Chicago,,,robert-malchow.png,118,Robert Malchow,5,Cell Biology & Imaging,MBL268,Whitman Scientist,1,http://bios.uic.edu/bios/people/faculty/robert-paul-malchow,University of Illinois at Chicago,,,robert-malchow.png,118,Robert Malchow,6,Computation & Modeling,MBL269,Whitman Scientist,1,http://bios.uic.edu/bios/people/faculty/robert-paul-malchow,University of Illinois at Chicago,,,robert-malchow.png,136,Robert Prendergast,12,Undefined,MBL301,Whitman Scientist,1,http://connect.mbl.edu/page.aspx?pid=399,John Hopkins University,,,generic.png,114,Rodolfo Llinas,12,Undefined,MBL259,Whitman Scientist,1,http://www.med.nyu.edu/biosketch/llinar01,New York University Langone Medical Center,,,rudolfo-llinas.png,150,Roger Sloboda,5,Cell Biology & Imaging,MBL331,Whitman Scientist,1,http://biology.dartmouth.edu/people/roger-d-sloboda,Dartmouth College,,,roger-sloboda.png,158,Ron Vale,5,Cell Biology & Imaging,MBL350,Whitman Scientist,1,http://valelab.ucsf.edu/,University of California San Francisco,,,ron-vale.png,133,Ronald Pethig,6,Computation & Modeling,MBL298,Whitman Scientist,1,http://www.erpe.ac.uk/people/ronald-pethig,"The University of Edinburgh, United Kingdom",,,ron-pethig.png,153,Roxanna Smolowitz,9,Models of Human Disease,MBL338,Whitman Scientist,1,http://rwu.edu/academics/schools-colleges/fcas/faculty/roxanna-smolowitz,Roger Williams University,,,roxana.png,153,Roxanna Smolowitz,1,Marine Biology & Diversity,MBL339,Whitman Scientist,1,http://rwu.edu/academics/schools-colleges/fcas/faculty/roxanna-smolowitz,Roger Williams University,,,roxana.png,153,Roxanna Smolowitz,3,"Ecology, Ecosystems & Global Change",MBL340,Whitman Scientist,1,http://rwu.edu/academics/schools-colleges/fcas/faculty/roxanna-smolowitz,Roger Williams University,,,roxana.png,134,Sabine Petry,12,Undefined,MBL299,Whitman Scientist,1,http://molbio.princeton.edu/faculty/molbio-faculty/712-petry,Princeton University,,,sabine.png,119,Satyajit Mayor,12,Undefined,MBL270,Whitman Scientist,1,https://www.ncbs.res.in/faculty/mayor,"National Centre for Biological Science, India",,,mayor.png,52,Scott Brady,5,Cell Biology & Imaging,MBL130,Whitman Scientist,1,http://www.uic.edu/depts/mcan/stbrady.htm,University of Illinois at Chicago,,,scott-brady.png,52,Scott Brady,4,Neuroscience,MBL131,Whitman Scientist,1,http://www.uic.edu/depts/mcan/stbrady.htm,University of Illinois at Chicago,,,scott-brady.png,52,Scott Brady,9,Models of Human Disease,MBL132,Whitman Scientist,1,http://www.uic.edu/depts/mcan/stbrady.htm,University of Illinois at Chicago,,,scott-brady.png,63,Scott Dawson,5,Cell Biology & Imaging,MBL154,Whitman Scientist,1,http://dawsonlab.ucdavis.edu/,University of California Davis,,,scott-dawson.png,63,Scott Dawson,1,Marine Biology & Diversity,MBL155,Whitman Scientist,1,http://dawsonlab.ucdavis.edu/,University of California Davis,,,scott-dawson.png,63,Scott Dawson,8,Genomics,MBL156,Whitman Scientist,1,http://dawsonlab.ucdavis.edu/,University of California Davis,,,scott-dawson.png,60,Sean Colin,7,Evolution,MBL146,Whitman Scientist,1,http://faculty-and-staff.rwu.edu/category/tags/sean-colin,Roger Williams University,,,sean-colin.png,60,Sean Colin,1,Marine Biology & Diversity,MBL147,Whitman Scientist,1,http://faculty-and-staff.rwu.edu/category/tags/sean-colin,Roger Williams University,,,sean-colin.png,60,Sean Colin,3,"Ecology, Ecosystems & Global Change",MBL148,Whitman Scientist,1,http://faculty-and-staff.rwu.edu/category/tags/sean-colin,Roger Williams University,,,sean-colin.png,149,Sheri Simmons,12,Undefined,MBL330,Whitman Scientist,1,https://scholar.google.com/citations?user=ZcBDhPkAAAAJ&hl=en,Monsanto Company,,,sheri-simmons.png,156,Sidney Tamm,12,Undefined,MBL346,Whitman Scientist,1,http://www.mbl.edu/bell/current-faculty/sidney-tamm/,Boston University,,,sidney-tamm.png,2,Simon Alford,4,Neuroscience,MBL3,Whitman Scientist,1,http://bios.uic.edu/bios/people/faculty/simon-alford,University of Illinois at Chicago,,,simon-alford.png,2,Simon Alford,5,Cell Biology & Imaging,MBL4,Whitman Scientist,1,http://bios.uic.edu/bios/people/faculty/simon-alford,University of Illinois at Chicago,,,simon-alford.png,2,Simon Alford,6,Computation & Modeling,MBL5,Whitman Scientist,1,http://bios.uic.edu/bios/people/faculty/simon-alford,University of Illinois at Chicago,,,simon-alford.png,139,Simone Reber,5,Cell Biology & Imaging,MBL308,Whitman Scientist,1,http://www.thereberlab.com/,"Humbolt University of Berlin, Germany",,,simone.png,139,Simone Reber,6,Computation & Modeling,MBL309,Whitman Scientist,1,http://www.thereberlab.com/,"Humbolt University of Berlin, Germany",,,simone.png,43,Srdjan Antic,4,Neuroscience,MBL108,Whitman Scientist,1,http://facultydirectory.uchc.edu/profile?profileId=Antic-Srdjan,University of Connecticut Health Center,,,srdjan-antic.png,43,Srdjan Antic,5,Cell Biology & Imaging,MBL109,Whitman Scientist,1,http://facultydirectory.uchc.edu/profile?profileId=Antic-Srdjan,University of Connecticut Health Center,,,srdjan-antic.png,43,Srdjan Antic,6,Computation & Modeling,MBL110,Whitman Scientist,1,http://facultydirectory.uchc.edu/profile?profileId=Antic-Srdjan,University of Connecticut Health Center,,,srdjan-antic.png,87,Stephen Green,10,Regeneration & Development,MBL202,Whitman Scientist,1,http://www.its.caltech.edu/~sgreen/index.html,California Institute of Technology,,,sgreen.png,87,Stephen Green,7,Evolution,MBL203,Whitman Scientist,1,http://www.its.caltech.edu/~sgreen/index.html,California Institute of Technology,,,sgreen.png,167,Steven Zottoli,10,Regeneration & Development,MBL366,Whitman Scientist,1,http://biology.williams.edu/profile/szottoli/,Williams College,,,steven-zottoli.png,167,Steven Zottoli,4,Neuroscience,MBL367,Whitman Scientist,1,http://biology.williams.edu/profile/szottoli/,Williams College,,,steven-zottoli.png,167,Steven Zottoli,7,Evolution,MBL368,Whitman Scientist,1,http://biology.williams.edu/profile/szottoli/,Williams College,,,steven-zottoli.png,96,Susan Huse,12,Undefined,MBL218,Whitman Scientist,1,https://vivo.brown.edu/display/sh129,Brown University,,,susan-huse.png,140,Thomas Reese,5,Cell Biology & Imaging,MBL310,Whitman Scientist,1,https://neuroscience.nih.gov/Faculty/Profile/thomas-reese.aspx,National Institute of Neurological Disorders and Stroke,,,thomas-reese.png,140,Thomas Reese,4,Neuroscience,MBL311,Whitman Scientist,1,https://neuroscience.nih.gov/Faculty/Profile/thomas-reese.aspx,National Institute of Neurological Disorders and Stroke,,,thomas-reese.png,140,Thomas Reese,1,Marine Biology & Diversity,MBL312,Whitman Scientist,1,https://neuroscience.nih.gov/Faculty/Profile/thomas-reese.aspx,National Institute of Neurological Disorders and Stroke,,,thomas-reese.png,155,Thomas Surrey,5,Cell Biology & Imaging,MBL344,Whitman Scientist,1,http://www.crick.ac.uk/thomas-surrey,The Francis Crick Institute,,,thomas-surrey.png,155,Thomas Surrey,6,Computation & Modeling,MBL345,Whitman Scientist,1,http://www.crick.ac.uk/thomas-surrey,The Francis Crick Institute,,,thomas-surrey.png,126,Timothy Mitchison,12,Undefined,MBL283,Whitman Scientist,1,https://sysbio.med.harvard.edu/facultys/timothy-j-mitchison-phd,Harvard Medical School,,,tim-mitchison.png,154,Timothy Springer,5,Cell Biology & Imaging,MBL341,Whitman Scientist,1,http://timothyspringer.org/,Harvard Medical School,,,timothy-springer.png,154,Timothy Springer,9,Models of Human Disease,MBL342,Whitman Scientist,1,http://timothyspringer.org/,Harvard Medical School,,,timothy-springer.png,154,Timothy Springer,6,Computation & Modeling,MBL343,Whitman Scientist,1,http://timothyspringer.org/,Harvard Medical School,,,timothy-springer.png,159,Trevor Wardill,5,Cell Biology & Imaging,MBL351,Whitman Scientist,1,http://www.pdn.cam.ac.uk/directory/trevor-wardill,"University of Cambridge, United Kingdom",,,trevor-wardill.png,159,Trevor Wardill,4,Neuroscience,MBL352,Whitman Scientist,1,http://www.pdn.cam.ac.uk/directory/trevor-wardill,"University of Cambridge, United Kingdom",,,trevor-wardill.png,159,Trevor Wardill,1,Marine Biology & Diversity,MBL353,Whitman Scientist,1,http://www.pdn.cam.ac.uk/directory/trevor-wardill,"University of Cambridge, United Kingdom",,,trevor-wardill.png,104,U. Benjamin Kaupp,1,Marine Biology & Diversity,MBL236,Whitman Scientist,1,http://www.caesar.de/mns.html,"Center of Advanced European Studies and Research, Germany",,,uben-kaupp.png,104,U. Benjamin Kaupp,5,Cell Biology & Imaging,MBL237,Whitman Scientist,1,http://www.caesar.de/mns.html,"Center of Advanced European Studies and Research, Germany",,,uben-kaupp.png,88,Valentin Gribkoff,4,Neuroscience,MBL204,Whitman Scientist,1,http://people.yale.edu/search/valentin_gribkoff.profile,Yale University School of Medicine,,,valentink-gribkoff.png,42,Veronica Acosta,5,Cell Biology & Imaging,MBL105,Whitman Scientist,1,https://www.researchgate.net/profile/Veronica_Martinez_Acosta/info,University of the Incarnate Word,,,veronica-acosta.png,42,Veronica Acosta,10,Regeneration & Development,MBL106,Whitman Scientist,1,https://www.researchgate.net/profile/Veronica_Martinez_Acosta/info,University of the Incarnate Word,,,veronica-acosta.png,42,Veronica Acosta,4,Neuroscience,MBL107,Whitman Scientist,1,https://www.researchgate.net/profile/Veronica_Martinez_Acosta/info,University of the Incarnate Word,,,veronica-acosta.png,86,William Green,5,Cell Biology & Imaging,MBL199,Whitman Scientist,1,http://neurobiology.uchicago.edu/page/green,University of Chicago,,,william-green.png,86,William Green,4,Neuroscience,MBL200,Whitman Scientist,1,http://neurobiology.uchicago.edu/page/green,University of Chicago,,,william-green.png,86,William Green,10,Regeneration & Development,MBL201,Whitman Scientist,1,http://neurobiology.uchicago.edu/page/green,University of Chicago,,,william-green.png,98,William Jeffery,8,Genomics,MBL222,Whitman Scientist,1,http://www.life.umd.edu/labs/Jeffery,University of Maryland at College Park,,,william-jeffery.png,98,William Jeffery,10,Regeneration & Development,MBL223,Whitman Scientist,1,http://www.life.umd.edu/labs/Jeffery,University of Maryland at College Park,,,william-jeffery.png,98,William Jeffery,7,Evolution,MBL224,Whitman Scientist,1,http://www.life.umd.edu/labs/Jeffery,University of Maryland at College Park,,,william-jeffery.png,145,William Ross,5,Cell Biology & Imaging,MBL320,Whitman Scientist,1,https://legacy.nymc.edu/rosslabs/index.asp,New York Medical College,,,william-ross.png,145,William Ross,4,Neuroscience,MBL321,Whitman Scientist,1,https://legacy.nymc.edu/rosslabs/index.asp,New York Medical College,,,william-ross.png,14,Alan M. Kuzirian,5,Cell Biology & Imaging,MBL37,MBL Resident Scientist,1,http://www.mbl.edu/bell/current-faculty/kuzirian-lab/,Marine Biological Laboratory,,,alan-kuzirian.png,14,Alan M. Kuzirian,1,Marine Biology & Diversity,MBL38,MBL Resident Scientist,1,http://www.mbl.edu/bell/current-faculty/kuzirian-lab/,Marine Biological Laboratory,,,alan-kuzirian.png,14,Alan M. Kuzirian,4,Neuroscience,MBL39,MBL Resident Scientist,1,http://www.mbl.edu/bell/current-faculty/kuzirian-lab/,Marine Biological Laboratory,,,alan-kuzirian.png,15,Andrew Latimer,5,Cell Biology & Imaging,MBL40,MBL Resident Scientist,1,http://www.mbl.edu/bell/current-faculty/andrew-latimer/,Marine Biological Laboratory,,,andrew-latimer.png,15,Andrew Latimer,9,Models of Human Disease,MBL41,MBL Resident Scientist,1,http://www.mbl.edu/bell/current-faculty/andrew-latimer/,Marine Biological Laboratory,,,andrew-latimer.png,15,Andrew Latimer,10,Regeneration & Development,MBL42,MBL Resident Scientist,1,http://www.mbl.edu/bell/current-faculty/andrew-latimer/,Marine Biological Laboratory,,,andrew-latimer.png,9,Anne E. Giblin,3,"Ecology, Ecosystems & Global Change",MBL22,MBL Resident Scientist,1,http://www.mbl.edu/ecosystems/faculty/giblin/,Marine Biological Laboratory,,,anne-giblin.png,9,Anne E. Giblin,1,Marine Biology & Diversity,MBL23,MBL Resident Scientist,1,http://www.mbl.edu/ecosystems/faculty/giblin/,Marine Biological Laboratory,,,anne-giblin.png,9,Anne E. Giblin,2,Microbiomes,MBL24,MBL Resident Scientist,1,http://www.mbl.edu/ecosystems/faculty/giblin/,Marine Biological Laboratory,,,anne-giblin.png,24,Christopher Neill,3,"Ecology, Ecosystems & Global Change",MBL64,MBL Resident Scientist,1,http://www.mbl.edu/ecosystems/faculty/neill/,Marine Biological Laboratory,,,chris-neill.png,24,Christopher Neill,1,Marine Biology & Diversity,MBL65,MBL Resident Scientist,1,http://www.mbl.edu/ecosystems/faculty/neill/,Marine Biological Laboratory,,,chris-neill.png,17,David Mark Welch,7,Evolution,MBL44,MBL Resident Scientist,1,http://www.mbl.edu/jbpc/staff/markwelchd/,Marine Biological Laboratory,,,david-markwelch.png,17,David Mark Welch,8,Genomics,MBL45,MBL Resident Scientist,1,http://www.mbl.edu/jbpc/staff/markwelchd/,Marine Biological Laboratory,,,david-markwelch.png,17,David Mark Welch,9,Models of Human Disease,MBL46,MBL Resident Scientist,1,http://www.mbl.edu/jbpc/staff/markwelchd/,Marine Biological Laboratory,,,david-markwelch.png,27,Edward B. Rastetter,6,Computation & Modeling,MBL69,MBL Resident Scientist,1,http://www.mbl.edu/ecosystems/staff/rastetter/,Marine Biological Laboratory,,,edward-rastetter.png,27,Edward B. Rastetter,3,"Ecology, Ecosystems & Global Change",MBL70,MBL Resident Scientist,1,http://www.mbl.edu/ecosystems/staff/rastetter/,Marine Biological Laboratory,,,edward-rastetter.png,28,Gaius R. Shaver,3,"Ecology, Ecosystems & Global Change",MBL71,MBL Resident Scientist,1,http://www.mbl.edu/ecosystems/staff/shaver/,Marine Biological Laboratory,,,gaius-shaver.png,23,Hilary Gonzalez Morrison,8,Genomics,MBL61,MBL Resident Scientist,1,http://www.mbl.edu/jbpc/staff/morrison/,Marine Biological Laboratory,,,hilary-morrison.png,23,Hilary Gonzalez Morrison,2,Microbiomes,MBL62,MBL Resident Scientist,1,http://www.mbl.edu/jbpc/staff/morrison/,Marine Biological Laboratory,,,hilary-morrison.png,23,Hilary Gonzalez Morrison,7,Evolution,MBL63,MBL Resident Scientist,1,http://www.mbl.edu/jbpc/staff/morrison/,Marine Biological Laboratory,,,hilary-morrison.png,4,Irina R. Arkhipova,7,Evolution,MBL8,MBL Resident Scientist,1,http://www.mbl.edu/jbpc/staff/arkhipova/,Marine Biological Laboratory,,,irina_arkhipova.png,4,Irina R. Arkhipova,8,Genomics,MBL9,MBL Resident Scientist,1,http://www.mbl.edu/jbpc/staff/arkhipova/,Marine Biological Laboratory,,,irina_arkhipova.png,22,Jennifer R. Morgan,9,Models of Human Disease,MBL58,MBL Resident Scientist,1,http://www.mbl.edu/bell/current-faculty/jennifer-morgan/,Marine Biological Laboratory,,,jennifer-morgan.png,22,Jennifer R. Morgan,10,Regeneration & Development,MBL59,MBL Resident Scientist,1,http://www.mbl.edu/bell/current-faculty/jennifer-morgan/,Marine Biological Laboratory,,,jennifer-morgan.png,22,Jennifer R. Morgan,4,Neuroscience,MBL60,MBL Resident Scientist,1,http://www.mbl.edu/bell/current-faculty/jennifer-morgan/,Marine Biological Laboratory,,,jennifer-morgan.png,21,Jerry M. Melillo,6,Computation & Modeling,MBL56,MBL Resident Scientist,1,http://www.mbl.edu/ecosystems/staff/melillo/,Marine Biological Laboratory,,,jerry-melillo.png,21,Jerry M. Melillo,3,"Ecology, Ecosystems & Global Change",MBL57,MBL Resident Scientist,1,http://www.mbl.edu/ecosystems/staff/melillo/,Marine Biological Laboratory,,,jerry-melillo.png,18,Jessica Mark Welch,5,Cell Biology & Imaging,MBL47,MBL Resident Scientist,1,http://www.mbl.edu/jbpc/staff/markwelchj/,Marine Biological Laboratory,,,jessica-markwelch.png,18,Jessica Mark Welch,8,Genomics,MBL48,MBL Resident Scientist,1,http://www.mbl.edu/jbpc/staff/markwelchj/,Marine Biological Laboratory,,,jessica-markwelch.png,18,Jessica Mark Welch,2,Microbiomes,MBL49,MBL Resident Scientist,1,http://www.mbl.edu/jbpc/staff/markwelchj/,Marine Biological Laboratory,,,jessica-markwelch.png,31,Jianwu Tang,6,Computation & Modeling,MBL77,MBL Resident Scientist,1,http://www.mbl.edu/ecosystems/staff/tang/,Marine Biological Laboratory,,,jianwu-tang.png,31,Jianwu Tang,3,"Ecology, Ecosystems & Global Change",MBL78,MBL Resident Scientist,1,http://www.mbl.edu/ecosystems/staff/tang/,Marine Biological Laboratory,,,jianwu-tang.png,5,Jonathan D. Gitlin,9,Models of Human Disease,MBL10,MBL Resident Scientist,1,http://www.mbl.edu/bell/current-faculty/jonathan-gitlin/,Marine Biological Laboratory,,,jonathan_gitlan1.png,5,Jonathan D. Gitlin,4,Neuroscience,MBL11,MBL Resident Scientist,1,http://www.mbl.edu/bell/current-faculty/jonathan-gitlin/,Marine Biological Laboratory,,,jonathan_gitlan1.png,5,Jonathan D. Gitlin,10,Regeneration & Development,MBL12,MBL Resident Scientist,1,http://www.mbl.edu/bell/current-faculty/jonathan-gitlin/,Marine Biological Laboratory,,,jonathan_gitlan1.png,34,Joseph J. Vallino,6,Computation & Modeling,MBL84,MBL Resident Scientist,1,http://www.mbl.edu/ecosystems/staff/vallino/,Marine Biological Laboratory,,,joe-vallino.png,34,Joseph J. Vallino,3,"Ecology, Ecosystems & Global Change",MBL85,MBL Resident Scientist,1,http://www.mbl.edu/ecosystems/staff/vallino/,Marine Biological Laboratory,,,joe-vallino.png,34,Joseph J. Vallino,2,Microbiomes,MBL86,MBL Resident Scientist,1,http://www.mbl.edu/ecosystems/staff/vallino/,Marine Biological Laboratory,,,joe-vallino.png,13,Julie Huber,3,"Ecology, Ecosystems & Global Change",MBL34,MBL Resident Scientist,1,http://www.mbl.edu/jbpc/staff/huber/,Marine Biological Laboratory,,,julie-huber.png,13,Julie Huber,1,Marine Biology & Diversity,MBL35,MBL Resident Scientist,1,http://www.mbl.edu/jbpc/staff/huber/,Marine Biological Laboratory,,,julie-huber.png,13,Julie Huber,2,Microbiomes,MBL36,MBL Resident Scientist,1,http://www.mbl.edu/jbpc/staff/huber/,Marine Biological Laboratory,,,julie-huber.png,10,Kristin Gribble,9,Models of Human Disease,MBL25,MBL Resident Scientist,1,http://www.mbl.edu/jbpc/gribble/,Marine Biological Laboratory,,,kristin_gribble.png,10,Kristin Gribble,1,Marine Biology & Diversity,MBL26,MBL Resident Scientist,1,http://www.mbl.edu/jbpc/gribble/,Marine Biological Laboratory,,,kristin_gribble.png,10,Kristin Gribble,7,Evolution,MBL27,MBL Resident Scientist,1,http://www.mbl.edu/jbpc/gribble/,Marine Biological Laboratory,,,kristin_gribble.png,1,Linda A. Amaral Zettler,1,Marine Biology & Diversity,MBL0,MBL Resident Scientist,1,http://amarallab.mbl.edu/,Marine Biological Laboratory,,,linda_amaralzettler.png,1,Linda A. Amaral Zettler,2,Microbiomes,MBL1,MBL Resident Scientist,1,http://amarallab.mbl.edu/,Marine Biological Laboratory,,,linda_amaralzettler.png,1,Linda A. Amaral Zettler,3,"Ecology, Ecosystems & Global Change",MBL2,MBL Resident Scientist,1,http://amarallab.mbl.edu/,Marine Biological Laboratory,,,linda_amaralzettler.png,8,Linda A. Deegan,1,Marine Biology & Diversity,MBL19,MBL Resident Scientist,1,http://www.mbl.edu/ecosystems/faculty/deegan/,Marine Biological Laboratory,,,linda-deegan.png,8,Linda A. Deegan,3,"Ecology, Ecosystems & Global Change",MBL20,MBL Resident Scientist,1,http://www.mbl.edu/ecosystems/faculty/deegan/,Marine Biological Laboratory,,,linda-deegan.png,8,Linda A. Deegan,8,Genomics,MBL21,MBL Resident Scientist,1,http://www.mbl.edu/ecosystems/faculty/deegan/,Marine Biological Laboratory,,,linda-deegan.png,19,Lydia Mathger,7,Evolution,MBL50,MBL Resident Scientist,1,http://www.mbl.edu/bell/lydia-mathger/,Marine Biological Laboratory,,,lydia-mathger.png,19,Lydia Mathger,1,Marine Biology & Diversity,MBL51,MBL Resident Scientist,1,http://www.mbl.edu/bell/lydia-mathger/,Marine Biological Laboratory,,,lydia-mathger.png,19,Lydia Mathger,6,Computation & Modeling,MBL52,MBL Resident Scientist,1,http://www.mbl.edu/bell/lydia-mathger/,Marine Biological Laboratory,,,lydia-mathger.png,33,Maki Koike Tani,5,Cell Biology & Imaging,MBL81,MBL Resident Scientist,1,http://www.mbl.edu/bell/current-faculty/laboratory-of-tomomi-tani/#maki-koike-tani,Marine Biological Laboratory,,,maki-tani.png,33,Maki Koike Tani,4,Neuroscience,MBL82,MBL Resident Scientist,1,http://www.mbl.edu/bell/current-faculty/laboratory-of-tomomi-tani/#maki-koike-tani,Marine Biological Laboratory,,,maki-tani.png,33,Maki Koike Tani,10,Regeneration & Development,MBL83,MBL Resident Scientist,1,http://www.mbl.edu/bell/current-faculty/laboratory-of-tomomi-tani/#maki-koike-tani,Marine Biological Laboratory,,,maki-tani.png,12,Marko E. Horb,9,Models of Human Disease,MBL31,MBL Resident Scientist,1,http://www.mbl.edu/bell/current-faculty/marko-horb/,Marine Biological Laboratory,,,marko-horb.png,12,Marko E. Horb,10,Regeneration & Development,MBL32,MBL Resident Scientist,1,http://www.mbl.edu/bell/current-faculty/marko-horb/,Marine Biological Laboratory,,,marko-horb.png,12,Marko E. Horb,8,Genomics,MBL33,MBL Resident Scientist,1,http://www.mbl.edu/bell/current-faculty/marko-horb/,Marine Biological Laboratory,,,marko-horb.png,29,Michael Shribak,5,Cell Biology & Imaging,MBL72,MBL Resident Scientist,1,http://www.mbl.edu/bell/current-faculty/shribak-lab/,Marine Biological Laboratory,,,michael-shribak.png,29,Michael Shribak,6,Computation & Modeling,MBL73,MBL Resident Scientist,1,http://www.mbl.edu/bell/current-faculty/shribak-lab/,Marine Biological Laboratory,,,michael-shribak.png,30,Mitchell L. Sogin,7,Evolution,MBL74,MBL Resident Scientist,1,http://www.mbl.edu/jbpc/staff/sogin/,Marine Biological Laboratory,,,mitch-sogin.png,30,Mitchell L. Sogin,2,Microbiomes,MBL75,MBL Resident Scientist,1,http://www.mbl.edu/jbpc/staff/sogin/,Marine Biological Laboratory,,,mitch-sogin.png,30,Mitchell L. Sogin,1,Marine Biology & Diversity,MBL76,MBL Resident Scientist,1,http://www.mbl.edu/jbpc/staff/sogin/,Marine Biological Laboratory,,,mitch-sogin.png,25,Rae Nishi,4,Neuroscience,MBL66,MBL Resident Scientist,1,http://www.mbl.edu/leadership/rae-nishi/,Marine Biological Laboratory,,,rae-nishi.png,11,Roger T. Hanlon,1,Marine Biology & Diversity,MBL28,MBL Resident Scientist,1,http://www.mbl.edu/bell/current-faculty/hanlon/,Marine Biological Laboratory,,,roger_hanlon.png,11,Roger T. Hanlon,4,Neuroscience,MBL29,MBL Resident Scientist,1,http://www.mbl.edu/bell/current-faculty/hanlon/,Marine Biological Laboratory,,,roger_hanlon.png,11,Roger T. Hanlon,5,Cell Biology & Imaging,MBL30,MBL Resident Scientist,1,http://www.mbl.edu/bell/current-faculty/hanlon/,Marine Biological Laboratory,,,roger_hanlon.png,26,Rudolf Oldenbourg,6,Computation & Modeling,MBL67,MBL Resident Scientist,1,http://www.mbl.edu/bell/current-faculty/oldenbourg-lab/,Marine Biological Laboratory,,,rudolf-oldenbourg.png,26,Rudolf Oldenbourg,5,Cell Biology & Imaging,MBL68,MBL Resident Scientist,1,http://www.mbl.edu/bell/current-faculty/oldenbourg-lab/,Marine Biological Laboratory,,,rudolf-oldenbourg.png,20,Shalin Mehta,5,Cell Biology & Imaging,MBL53,MBL Resident Scientist,1,http://www.mbl.edu/bell/current-faculty/shalin-mehta/,Marine Biological Laboratory,,,shalin-mehta.png,20,Shalin Mehta,6,Computation & Modeling,MBL54,MBL Resident Scientist,1,http://www.mbl.edu/bell/current-faculty/shalin-mehta/,Marine Biological Laboratory,,,shalin-mehta.png,20,Shalin Mehta,10,Regeneration & Development,MBL55,MBL Resident Scientist,1,http://www.mbl.edu/bell/current-faculty/shalin-mehta/,Marine Biological Laboratory,,,shalin-mehta.png,32,Tomomi Tani,5,Cell Biology & Imaging,MBL79,MBL Resident Scientist,1,http://www.mbl.edu/bell/current-faculty/laboratory-of-tomomi-tani/,Marine Biological Laboratory,,,tomomi-tani.png,32,Tomomi Tani,4,Neuroscience,MBL80,MBL Resident Scientist,1,http://www.mbl.edu/bell/current-faculty/laboratory-of-tomomi-tani/,Marine Biological Laboratory,,,tomomi-tani.png,7,Zoe G. Cardon,2,Microbiomes,MBL16,MBL Resident Scientist,1,http://www.mbl.edu/ecosystems/staff/cardon/,Marine Biological Laboratory,,,zoe-cardon.png,7,Zoe G. Cardon,3,"Ecology, Ecosystems & Global Change",MBL17,MBL Resident Scientist,1,http://www.mbl.edu/ecosystems/staff/cardon/,Marine Biological Laboratory,,,zoe-cardon.png,7,Zoe G. Cardon,5,Cell Biology & Imaging,MBL18,MBL Resident Scientist,1,http://www.mbl.edu/ecosystems/staff/cardon/,Marine Biological Laboratory,,,zoe-cardon.png,41,Alejandro Sanchez Alvarado,10,Regeneration & Development,MBL102,MBL Fellow,1,http://www.mbl.edu/research/mbl-fellows/alejandro-sanchez-alvarado/,"Stowers Institute, Howard Hughes Medical Institute",,,alejandro-sanchez.png,41,Alejandro Sanchez Alvarado,1,Marine Biology & Diversity,MBL103,MBL Fellow,1,http://www.mbl.edu/research/mbl-fellows/alejandro-sanchez-alvarado/,"Stowers Institute, Howard Hughes Medical Institute",,,alejandro-sanchez.png,41,Alejandro Sanchez Alvarado,5,Cell Biology & Imaging,MBL104,MBL Fellow,1,http://www.mbl.edu/research/mbl-fellows/alejandro-sanchez-alvarado/,"Stowers Institute, Howard Hughes Medical Institute",,,alejandro-sanchez.png,38,Clifton Ragsdale,4,Neuroscience,MBL95,MBL Fellow,1,http://www.mbl.edu/research/mbl-fellows/clifton-ragsdale,University of Chicago,,,clifton-ragsdale.png,38,Clifton Ragsdale,8,Genomics,MBL96,MBL Fellow,1,http://www.mbl.edu/research/mbl-fellows/clifton-ragsdale,University of Chicago,,,clifton-ragsdale.png,38,Clifton Ragsdale,10,Regeneration & Development,MBL97,MBL Fellow,1,http://www.mbl.edu/research/mbl-fellows/clifton-ragsdale,University of Chicago,,,clifton-ragsdale.png,36,Jack Gilbert,2,Microbiomes,MBL90,MBL Fellow,1,http://www.mbl.edu/research/mbl-fellows/jack-gilbert/,University of Chicago,,,jgilbert.png,36,Jack Gilbert,3,"Ecology, Ecosystems & Global Change",MBL91,MBL Fellow,1,http://www.mbl.edu/research/mbl-fellows/jack-gilbert/,University of Chicago,,,jgilbert.png,36,Jack Gilbert,8,Genomics,MBL92,MBL Fellow,1,http://www.mbl.edu/research/mbl-fellows/jack-gilbert/,University of Chicago,,,jgilbert.png,6,Jane Maienschein,1,Marine Biology & Diversity,MBL13,MBL Fellow,1,http://www.mbl.edu/research/mbl-fellows/jane-maienschein/,University of Arizona,,,jane-maienschein.png,6,Jane Maienschein,10,Regeneration & Development,MBL14,MBL Fellow,1,http://www.mbl.edu/research/mbl-fellows/jane-maienschein/,University of Arizona,,,jane-maienschein.png,6,Jane Maienschein,11,History/Philosophy of Science,MBL15,MBL Fellow,1,http://www.mbl.edu/research/mbl-fellows/jane-maienschein/,University of Arizona,,,jane-maienschein.png,40,Josh Rosenthal,4,Neuroscience,MBL100,MBL Fellow,1,http://www.neuro.upr.edu/?q=dr.-j.-rosenthal,University of Puerto Rico,,,joshua-rosenthal.png,40,Josh Rosenthal,1,Marine Biology & Diversity,MBL101,MBL Fellow,1,http://www.neuro.upr.edu/?q=dr.-j.-rosenthal,University of Puerto Rico,,,joshua-rosenthal.png,39,Loretta Roberson,1,Marine Biology & Diversity,MBL98,MBL Fellow,1,http://renewable.uprrp.edu/index.php?page=loretta-roberson,University of Puerto Rico,,,loretta-roberson.png,39,Loretta Roberson,3,"Ecology, Ecosystems & Global Change",MBL99,MBL Fellow,1,http://renewable.uprrp.edu/index.php?page=loretta-roberson,University of Puerto Rico,,,loretta-roberson.png,35,Maureen Conte,3,"Ecology, Ecosystems & Global Change",MBL87,MBL Fellow,1,http://www.mbl.edu/research/mbl-fellows/maureen-conte/,Bermuda Institute of Ocean Sciences,,,maureen-conte.png,35,Maureen Conte,2,Microbiomes,MBL88,MBL Fellow,1,http://www.mbl.edu/research/mbl-fellows/maureen-conte/,Bermuda Institute of Ocean Sciences,,,maureen-conte.png,35,Maureen Conte,1,Marine Biology & Diversity,MBL89,MBL Fellow,1,http://www.mbl.edu/research/mbl-fellows/maureen-conte/,Bermuda Institute of Ocean Sciences,,,maureen-conte.png,3,Melina Hale,7,Evolution,MBL6,MBL Fellow,1,http://pondside.uchicago.edu/oba/faculty/hale_m.html,University of Chicago,,,melina-hale.png,3,Melina Hale,4,Neuroscience,MBL7,MBL Fellow,1,http://pondside.uchicago.edu/oba/faculty/hale_m.html,University of Chicago,,,melina-hale.png,37,Patrick La Riviere,5,Cell Biology & Imaging,MBL93,MBL Fellow,1,http://www.mbl.edu/research/mbl-fellows/patrick-la-riviere/,University of Chicago,,,patrick-lariviere.png,37,Patrick La Riviere,6,Computation & Modeling,MBL94,MBL Fellow,1,http://www.mbl.edu/research/mbl-fellows/patrick-la-riviere/,University of Chicago,,,patrick-lariviere.png,